{
  "light": {
    "intensity": {
      "red": 1.0,
      "green": 1.0,
      "blue": 1.0
    },
    "position": {
      "x": -8.0,
      "y": 10.0,
      "z": -6.0
    }
  },
  "objects": [
    {
      "type": "Plane",
      "id": "17e5d995-95fc-4902-8974-93d8c334237d",
      "parent_id": null,
      "transform": {
        "data": [
          [
            1.0,
            0.0,
            0.0,
            0.0
          ],
          [
            0.0,
            1.0,
            0.0,
            0.0
          ],
          [
            0.0,
            0.0,
            1.0,
            0.0
          ],
          [
            0.0,
            0.0,
            0.0,
            1.0
          ]
        ],
        "inverse": [
          [
            1.0,
            0.0,
            0.0,
            0.0
          ],
          [
            0.0,
            1.0,
            0.0,
            0.0
          ],
          [
            0.0,
            0.0,
            1.0,
            0.0
          ],
          [
            0.0,
            0.0,
            0.0,
            1.0
          ]
        ]
      },
      "material": {
        "color": {
          "red": 1.0,
          "green": 1.0,
          "blue": 1.0
        },
        "ambient": 0.1,
        "diffuse": 0.9,
        "specular": 0.9,
        "shininess": 200.0,
        "reflective": 0.0,
        "transparency": 0.0,
        "refractive_index": 1.0,
        "pattern": {
          "type": "Checkers",
          "id": "9fa41250-fa90-4917-8005-c1bf351eb6bb",
          "a": {
            "red": 1.0,
            "green": 1.0,
            "blue": 1.0
          },
          "b": {
            "red": 0.0,
            "green": 0.0,
            "blue": 0.0
          },
          "transform": {
            "data": [
              [
                0.09849001546502806,
                0.0,
                0.017312332416475056,
                10.0
              ],
              [
                0.0,
                0.1,
                0.0,
                0.0
              ],
              [
                -0.017312332416475056,
                0.0,
                0.09849001546502806,
                10.0
              ],
              [
                0.0,
                0.0,
                0.0,
                1.0
              ]
            ],
            "inverse": [
              [
                9.849001546502805,
                -0.0,
                -1.7312332416475056,
                -81.17768304855299
              ],
              [
                -0.0,
                9.999999999999998,
                -0.0,
                0.0
              ],
              [
                1.7312332416475056,
                -0.0,
                9.849001546502805,
                -115.80234788150312
              ],
              [
                -0.0,
                0.0,
                -0.0,
                1.0
              ]
            ]
          }
        }
      }
    },
    {
      "type": "CSG",
      "id": "f85ba749-2e69-45f1-9e21-a74a47387e58",
      "parent_id": null,
      "left": {
        "type": "Sphere",
        "id": "9c5b11d4-db5a-4fac-90aa-468544383d3d",
        "parent_id": "f85ba749-2e69-45f1-9e21-a74a47387e58",
        "transform": {
          "data": [
            [
              1.0,
              0.0,
              0.0,
              0.0
            ],
            [
              0.0,
              1.0,
              0.0,
              0.0
            ],
            [
              0.0,
              0.0,
              1.0,
              0.0
            ],
            [
              0.0,
              0.0,
              0.0,
              1.0
            ]
          ],
          "inverse": [
            [
              1.0,
              0.0,
              0.0,
              0.0
            ],
            [
              0.0,
              1.0,
              0.0,
              0.0
            ],
            [
              0.0,
              0.0,
              1.0,
              0.0
            ],
            [
              0.0,
              0.0,
              0.0,
              1.0
            ]
          ]
        },
        "material": {
          "color": {
            "red": 1.0,
            "green": 0.9490196078431372,
            "blue": 0.0
          },
          "ambient": 0.1,
          "diffuse": 0.7,
          "specular": 0.3,
          "shininess": 200.0,
          "reflective": 0.0,
          "transparency": 0.0,
          "refractive_index": 1.0,
          "pattern": null
        },
        "inherit_material": false
      },
      "right": {
        "type": "Cube",
        "id": "ad807fc9-231a-4404-95cf-91bcda154df9",
        "parent_id": "f85ba749-2e69-45f1-9e21-a74a47387e58",
        "transform": {
          "data": [
            [
              0.3889087296526012,
              -0.38890872965260115,
              0.0,
              0.65
            ],
            [
              0.38890872965260115,
              0.3889087296526012,
              0.0,
              0.0
            ],
            [
              0.0,
              0.0,
              1.5,
              0.0
            ],
            [
              0.0,
              0.0,
              0.0,
              1.0
            ]
          ],
          "inverse": [
            [
              1.28564869306645,
              1.2856486930664497,
              0.0,
              -0.8356716504931925
            ],
            [
              -1.2856486930664497,
              1.28564869306645,
              -0.0,
              0.8356716504931924
            ],
            [
              0.0,
              -0.0,
              0.6666666666666666,
              -0.0
            ],
            [
              -0.0,
              0.0,
              -0.0,
              1.0
            ]
          ]
        },
        "material": {
          "color": {
            "red": 1.0,
            "green": 0.9490196078431372,
            "blue": 0.0
          },
          "ambient": 0.1,
          "diffuse": 0.9,
          "specular": 0.9,
          "shininess": 200.0,
          "reflective": 0.0,
          "transparency": 0.0,
          "refractive_index": 1.0,
          "pattern": null
        }
      },
      "operation": "Difference",
      "transform": {
        "data": [
          [
            1.38581929876693,
            0.0,
            0.5740251485476346,
            -0.75
          ],
          [
            0.0,
            1.5,
            0.0,
            1.5
          ],
          [
            -0.5740251485476346,
            0.0,
            1.38581929876693,
            2.0
          ],
          [
            0.0,
            0.0,
            0.0,
            1.0
          ]
        ],
        "inverse": [
          [
            0.6159196883408579,
            -0.0,
            -0.2551222882433932,
            0.9721843427424297
          ],
          [
            -0.0,
            0.6666666666666666,
            -0.0,
            -1.0
          ],
          [
            0.2551222882433932,
            -0.0,
            0.6159196883408579,
            -1.0404976604991707
          ],
          [
            -0.0,
            0.0,
            -0.0,
            1.0
          ]
        ]
      },
      "material": {
        "color": {
          "red": 1.0,
          "green": 1.0,
          "blue": 1.0
        },
        "ambient": 0.1,
        "diffuse": 0.9,
        "specular": 0.9,
        "shininess": 200.0,
        "reflective": 0.0,
        "transparency": 0.0,
        "refractive_index": 1.0,
        "pattern": null
      }
    },
    {
      "type": "CSG",
      "id": "aa816e3d-b2f1-49f6-a50a-f6dc185c95a3",
      "parent_id": null,
      "left": {
        "type": "Sphere",
        "id": "6f0a8195-8c92-4fdd-b8a8-683019363f9a",
        "parent_id": "aa816e3d-b2f1-49f6-a50a-f6dc185c95a3",