{
  "light": {
    "intensity": {
      "red": 1.0,
      "green": 1.0,
      "blue": 1.0
    },
    "position": {
      "x": -8.0,
      "y": 10.0,
      "z": -6.0
    }
  },
  "objects": [
    {
      "type": "Plane",
      "id": "62da609b-945b-4779-9e47-4aa8fc7f2753",
      "parent_id": null,
      "transform": {
        "data": [
          [
            1.0,
            0.0,
            0.0,
            0.0
          ],
          [
            0.0,
            1.0,
            0.0,
            0.0
          ],
          [
            0.0,
            0.0,
            1.0,
            0.0
          ],
          [
            0.0,
            0.0,
            0.0,
            1.0
          ]
        ],
        "inverse": [
          [
            1.0,
            0.0,
            0.0,
            0.0
          ],
          [
            0.0,
            1.0,
            0.0,
            0.0
          ],
          [
            0.0,
            0.0,
            1.0,
            0.0
          ],
          [
            0.0,
            0.0,
            0.0,
            1.0
          ]
        ]
      },
      "material": {
        "color": {
          "red": 1.0,
          "green": 1.0,
          "blue": 1.0
        },
        "ambient": 0.1,
        "diffuse": 0.9,
        "specular": 0.9,
        "shininess": 200.0,
        "reflective": 0.0,
        "transparency": 0.0,
        "refractive_index": 1.0,
        "pattern": {
          "type": "Checkers",
          "id": "d0388ed2-2df1-44ad-a2f4-3f9e8e887376",
          "a": {
            "red": 1.0,
            "green": 1.0,
            "blue": 1.0
          },
          "b": {
            "red": 0.0,
            "green": 0.0,
            "blue": 0.0
          },
          "transform": {
            "data": [
              [
                0.09849001546502806,
                0.0,
                0.017312332416475056,
                10.0
              ],
              [
                0.0,
                0.1,
                0.0,
                0.0
              ],
              [
                -0.017312332416475056,
                0.0,
                0.09849001546502806,
                10.0
              ],
              [
                0.0,
                0.0,
                0.0,
                1.0
              ]
            ],
            "inverse": [
              [
                9.849001546502805,
                -0.0,
                -1.7312332416475056,
                -81.17768304855299
              ],
              [
                -0.0,
                9.999999999999998,
                -0.0,
                0.0
              ],
              [
                1.7312332416475056,
                -0.0,
                9.849001546502805,
                -115.80234788150312
              ],
              [
                -0.0,
                0.0,
                -0.0,
                1.0
              ]
            ]
          }
        }
      }
    },
    {
      "type": "CSG",
      "id": "7d4a6487-da55-41c7-93fd-57e8ff0c3bd0",
      "parent_id": null,
      "left": {
        "type": "Sphere",
        "id": "a6827d6d-80e9-4d20-b831-6479c693d2fe",
        "parent_id": "7d4a6487-da55-41c7-93fd-57e8ff0c3bd0",
        "transform": {
          "data": [
            [
              1.0,
              0.0,
              0.0,
              0.0
            ],
            [
              0.0,
              1.0,
              0.0,
              0.0
            ],
            [
              0.0,
              0.0,
              1.0,
              0.0
            ],
            [
              0.0,
              0.0,
              0.0,
              1.0
            ]
          ],
          "inverse": [
            [
              1.0,
              0.0,
              0.0,
              0.0
            ],
            [
              0.0,
              1.0,
              0.0,
              0.0
            ],
            [
              0.0,
              0.0,
              1.0,
              0.0
            ],
            [
              0.0,
              0.0,
              0.0,
              1.0
            ]
          ]
        },
        "material": {
          "color": {
            "red": 1.0,
            "green": 0.9490196078431372,
            "blue": 0.0
          },
          "ambient": 0.1,
          "diffuse": 0.7,
          "specular": 0.3,
          "shininess": 200.0,
          "reflective": 0.0,
          "transparency": 0.0,
          "refractive_index": 1.0,
          "pattern": null
        },
        "inherit_material": false
      },
      "right": {
        "type": "Cube",
        "id": "b3c02175-2274-42e6-864d-ee1ebde41619",
        "parent_id": "7d4a6487-da55-41c7-93fd-57e8ff0c3bd0",
        "transform": {
          "data": [
            [
              0.3889087296526012,
              -0.38890872965260115,
              0.0,
              0.65
            ],
            [
              0.38890872965260115,
              0.3889087296526012,
              0.0,
              0.0
            ],
            [
              0.0,
              0.0,
              1.5,
              0.0
            ],
            [
              0.0,
              0.0,
              0.0,
              1.0
            ]
          ],
          "inverse": [
            [
              1.28564869306645,
              1.2856486930664497,
              0.0,
              -0.8356716504931925
            ],
            [
              -1.2856486930664497,
              1.28564869306645,
              -0.0,
              0.8356716504931924
            ],
            [
              0.0,
              -0.0,
              0.6666666666666666,
              -0.0
            ],
            [
              -0.0,
              0.0,
              -0.0,
              1.0
            ]
          ]
        },
        "material": {
          "color": {
            "red": 1.0,
            "green": 0.9490196078431372,
            "blue": 0.0
          },
          "ambient": 0.1,
          "diffuse": 0.9,
          "specular": 0.9,
          "shininess": 200.0,
          "reflective": 0.0,
          "transparency": 0.0,
          "refractive_index": 1.0,
          "pattern": null
        }
      },
      "operation": "Difference",
      "transform": {
        "data": [
          [
            1.38581929876693,
            0.0,
            0.5740251485476346,
            -0.75
          ],
          [
            0.0,
            1.5,
            0.0,
            1.5
          ],
          [
            -0.5740251485476346,
            0.0,
            1.38581929876693,
            2.0
          ],
          [
            0.0,
            0.0,
            0.0,
            1.0
          ]
        ],
        "inverse": [
          [
            0.6159196883408579,
            -0.0,
            -0.2551222882433932,
            0.9721843427424297
          ],
          [
            -0.0,
            0.6666666666666666,
            -0.0,
            -1.0
          ],
          [
            0.2551222882433932,
            -0.0,
            0.6159196883408579,
            -1.0404976604991707
          ],
          [
            -0.0,
            0.0,
            -0.0,
            1.0
          ]
        ]
      },
      "material": {
        "color": {
          "red": 1.0,
          "green": 1.0,
          "blue": 1.0
        },
        "ambient": 0.1,
        "diffuse": 0.9,
        "specular": 0.9,
        "shininess": 200.0,
        "reflective": 0.0,
        "transparency": 0.0,
        "refractive_index": 1.0,
        "pattern": null
      }
    },
    {
      "type": "CSG",
      "id": "f543d5af-d0e3-46e2-a85e-c13ea7d71214",
      "parent_id": null,
      "left": {
        "type": "Sphere",
        "id": "0282fece-a51b-4472-86e1-9f78dd9c7bd2",
        "parent_id": "f543d5af-d0e3-46e2-a85e-c13ea7d71214",