{
  "light": {
    "intensity": {
      "red": 1.0,
      "green": 1.0,
      "blue": 1.0
    },
    "position": {
      "x": -8.0,
      "y": 10.0,
      "z": -6.0
    }
  },
  "objects": [
    {
      "type": "Plane",
      "id": "d568fe4d-3319-4d77-90af-63cdb2003fcf",
      "parent_id": null,
      "transform": {
        "data": [
          [
            1.0,
            0.0,
            0.0,
            0.0
          ],
          [
            0.0,
            1.0,
            0.0,
            0.0
          ],
          [
            0.0,
            0.0,
            1.0,
            0.0
          ],
          [
            0.0,
            0.0,
            0.0,
            1.0
          ]
        ],
        "inverse": [
          [
            1.0,
            0.0,
            0.0,
            0.0
          ],
          [
            0.0,
            1.0,
            0.0,
            0.0
          ],
          [
            0.0,
            0.0,
            1.0,
            0.0
          ],
          [
            0.0,
            0.0,
            0.0,
            1.0
          ]
        ]
      },
      "material": {
        "color": {
          "red": 1.0,
          "green": 1.0,
          "blue": 1.0
        },
        "ambient": 0.1,
        "diffuse": 0.9,
        "specular": 0.9,
        "shininess": 200.0,
        "reflective": 0.0,
        "transparency": 0.0,
        "refractive_index": 1.0,
        "pattern": {
          "type": "Checkers",
          "id": "6889adb8-8835-408d-9b57-036fa3f3ff9c",
          "a": {
            "red": 1.0,
            "green": 1.0,
            "blue": 1.0
          },
          "b": {
            "red": 0.0,
            "green": 0.0,
            "blue": 0.0
          },
          "transform": {
            "data": [
              [
                0.09849001546502806,
                0.0,
                0.017312332416475056,
                10.0
              ],
              [
                0.0,
                0.1,
                0.0,
                0.0
              ],
              [
                -0.017312332416475056,
                0.0,
                0.09849001546502806,
                10.0
              ],
              [
                0.0,
                0.0,
                0.0,
                1.0
              ]
            ],
            "inverse": [
              [
                9.849001546502805,
                -0.0,
                -1.7312332416475056,
                -81.17768304855299
              ],
              [
                -0.0,
                9.999999999999998,
                -0.0,
                0.0
              ],
              [
                1.7312332416475056,
                -0.0,
                9.849001546502805,
                -115.80234788150312
              ],
              [
                -0.0,
                0.0,
                -0.0,
                1.0
              ]
            ]
          }
        }
      }
    },
    {
      "type": "CSG",
      "id": "1629c8ad-9e1c-4417-b191-0c70c0a6173c",
      "parent_id": null,
      "left": {
        "type": "Sphere",
        "id": "bfe874d9-9170-4379-94e8-28dcd063a953",
        "parent_id": "1629c8ad-9e1c-4417-b191-0c70c0a6173c",
        "transform": {
          "data": [
            [
              1.0,
              0.0,
              0.0,
              0.0
            ],
            [
              0.0,
              1.0,
              0.0,
              0.0
            ],
            [
              0.0,
              0.0,
              1.0,
              0.0
            ],
            [
              0.0,
              0.0,
              0.0,
              1.0
            ]
          ],
          "inverse": [
            [
              1.0,
              0.0,
              0.0,
              0.0
            ],
            [
              0.0,
              1.0,
              0.0,
              0.0
            ],
            [
              0.0,
              0.0,
              1.0,
              0.0
            ],
            [
              0.0,
              0.0,
              0.0,
              1.0
            ]
          ]
        },
        "material": {
          "color": {
            "red": 1.0,
            "green": 0.9490196078431372,
            "blue": 0.0
          },
          "ambient": 0.1,
          "diffuse": 0.7,
          "specular": 0.3,
          "shininess": 200.0,
          "reflective": 0.0,
          "transparency": 0.0,
          "refractive_index": 1.0,
          "pattern": null
        },
        "inherit_material": false
      },
      "right": {
        "type": "Cube",
        "id": "a5dc775d-7a55-4e7e-8bfc-d0da542d3dbf",
        "parent_id": "1629c8ad-9e1c-4417-b191-0c70c0a6173c",
        "transform": {
          "data": [
            [
              0.3889087296526012,
              -0.38890872965260115,
              0.0,
              0.65
            ],
            [
              0.38890872965260115,
              0.3889087296526012,
              0.0,
              0.0
            ],
            [
              0.0,
              0.0,
              1.5,
              0.0
            ],
            [
              0.0,
              0.0,
              0.0,
              1.0
            ]
          ],
          "inverse": [
            [
              1.28564869306645,
              1.2856486930664497,
              0.0,
              -0.8356716504931925
            ],
            [
              -1.2856486930664497,
              1.28564869306645,
              -0.0,
              0.8356716504931924
            ],
            [
              0.0,
              -0.0,
              0.6666666666666666,
              -0.0
            ],
            [
              -0.0,
              0.0,
              -0.0,
              1.0
            ]
          ]
        },
        "material": {
          "color": {
            "red": 1.0,
            "green": 0.9490196078431372,
            "blue": 0.0
          },
          "ambient": 0.1,
          "diffuse": 0.9,
          "specular": 0.9,
          "shininess": 200.0,
          "reflective": 0.0,
          "transparency": 0.0,
          "refractive_index": 1.0,
          "pattern": null
        }
      },
      "operation": "Difference",
      "transform": {
        "data": [
          [
            1.38581929876693,
            0.0,
            0.5740251485476346,
            -0.75
          ],
          [
            0.0,
            1.5,
            0.0,
            1.5
          ],
          [
            -0.5740251485476346,
            0.0,
            1.38581929876693,
            2.0
          ],
          [
            0.0,
            0.0,
            0.0,
            1.0
          ]
        ],
        "inverse": [
          [
            0.6159196883408579,
            -0.0,
            -0.2551222882433932,
            0.9721843427424297
          ],
          [
            -0.0,
            0.6666666666666666,
            -0.0,
            -1.0
          ],
          [
            0.2551222882433932,
            -0.0,
            0.6159196883408579,
            -1.0404976604991707
          ],
          [
            -0.0,
            0.0,
            -0.0,
            1.0
          ]
        ]
      },
      "material": {
        "color": {
          "red": 1.0,
          "green": 1.0,
          "blue": 1.0
        },
        "ambient": 0.1,
        "diffuse": 0.9,
        "specular": 0.9,
        "shininess": 200.0,
        "reflective": 0.0,
        "transparency": 0.0,
        "refractive_index": 1.0,
        "pattern": null
      }
    },
    {
      "type": "CSG",
      "id": "80454604-d166-409e-bfac-25e1a4683d99",
      "parent_id": null,
      "left": {
        "type": "Sphere",
        "id": "ac1c9346-2f03-41bf-8c1b-bb8c524c17d5",
        "parent_id": "80454604-d166-409e-bfac-25e1a4683d99",